,City,State,Region,Size,Population,AvgRent,MedianRent,UnempRate,AvgIncome,CostOfLiving,PriceParity,CommuteTime,MedianAQI,WalkScore,BikeScore,TransitScore,Latitude,Longitude
0,New York,New York,Northeast,Large,20140470.0,3272,2323.0,3.8,85136.0,128.0,114.58,36.7,50.0,88.0,69.3,6.9,40.6943,-73.9249
1,Los Angeles,California,West,Large,13200998.0,2857,1925.0,3.9,75821.0,140.6,113.82,30.7,70.0,68.6,58.7,6.2,34.1141,-118.4068
2,Chicago,Illinois,Midwest,Large,9618502.0,1975,1364.0,4.2,71992.0,100.1,105.42,31.8,50.0,77.2,72.2,5.1,41.8375,-87.6866
3,Dallas,Texas,South,Large,7637387.0,1754,1440.0,3.2,66727.0,98.5,103.85,28.6,51.0,46.0,49.3,2.8,32.7935,-96.7667
4,Houston,Texas,South,Large,7122240.0,1620,1216.0,3.9,64837.0,95.8,99.74,30.0,57.0,47.5,48.6,2.8,29.786,-95.3885
5,Washington,District of Columbia,South,Large,6385162.0,2421,1740.0,2.8,80822.0,120.1,111.34,34.8,45.0,76.7,69.5,5.5,38.9047,-77.0163
6,Philadelphia,Pennsylvania,Northeast,Large,6245051.0,1663,1314.0,3.4,72379.0,103.4,99.21,29.8,48.0,74.8,66.7,5.3,40.0077,-75.1339
7,Miami,Florida,South,Large,6138333.0,3201,1670.0,1.9,73522.0,110.1,109.92,29.6,45.0,76.6,64.0,5.2,25.784,-80.2101
8,Atlanta,Georgia,South,Large,6089815.0,1991,1489.0,2.6,63219.0,100.3,99.12,32.1,48.0,47.7,41.7,2.5,33.7628,-84.422
9,Boston,Massachusetts,Northeast,Large,4941632.0,3419,2368.0,2.9,92290.0,132.6,109.69,31.2,44.0,82.8,69.4,5.0,42.3188,-71.0852
10,Phoenix,Arizona,West,Large,4845832.0,1755,1584.0,2.7,58308.0,104.3,99.18,26.4,77.0,41.4,55.9,4.1,33.5722,-112.0892
11,San Francisco,California,West,Large,4749008.0,3422,3000.0,2.4,123711.0,178.6,119.83,33.6,44.0,88.7,72.3,6.8,37.7558,-122.4449
12,Riverside,California,West,Large,4599839.0,2399,1533.0,3.6,50384.0,116.1,105.53,32.9,84.0,42.7,48.9,3.8,33.9381,-117.3949
13,Detroit,Michigan,Midwest,Large,4392041.0,1201,1024.0,3.2,60965.0,93.2,96.11,27.1,54.0,51.1,52.1,2.8,42.3834,-83.1024
14,Seattle,Washington,West,Large,4018762.0,2162,2011.0,3.4,89274.0,124.6,114.57,30.8,44.0,74.4,71.1,5.1,47.6211,-122.3244
15,Minneapolis,Minnesota,Midwest,Large,3690261.0,1625,1239.0,2.6,71912.0,105.4,103.58,25.3,44.0,71.4,83.5,3.7,44.9635,-93.2678
16,San Diego,California,West,Large,3298634.0,3016,2055.0,2.9,72637.0,136.2,115.15,26.0,49.0,53.3,43.0,5.3,32.8313,-117.1222
17,Tampa,Florida,South,Large,3175275.0,2146,1488.0,2.2,58315.0,101.4,98.97,27.2,46.0,49.5,55.2,3.3,27.9945,-82.4447
18,Denver,Colorado,West,Large,2963821.0,1956,1665.0,2.8,78150.0,112.1,109.16,27.3,61.0,61.2,71.8,5.3,39.762,-104.8758
19,Baltimore,Maryland,Northeast,Large,2844510.0,1611,1359.0,3.1,70490.0,107.0,105.01,31.0,45.0,64.3,53.4,4.2,39.3051,-76.6144
20,St. Louis,Missouri,Midwest,Large,2820253.0,1217,853.0,2.5,64769.0,89.6,96.25,26.0,52.0,65.7,57.7,3.8,38.6359,-90.2451
21,Orlando,Florida,South,Large,2673376.0,1974,1536.0,2.3,53102.0,101.4,99.82,28.7,44.0,41.1,56.8,3.3,28.4773,-81.337
22,Charlotte,North Carolina,South,Large,2660329.0,1767,1288.0,3.1,62056.0,97.9,96.6,26.5,47.0,26.4,31.3,2.2,35.2083,-80.8303
23,San Antonio,Texas,South,Large,2558143.0,1441,1138.0,3.3,53648.0,92.7,96.38,26.7,51.0,36.9,44.5,4.5,29.4632,-98.5238
24,Portland,Oregon,West,Large,2512859.0,1793,1689.0,4.1,68374.0,116.5,105.37,27.5,34.0,67.3,82.7,6.1,45.5371,-122.65
25,Sacramento,California,West,Large,2397382.0,2068,1518.0,3.3,65972.0,120.3,106.29,27.1,54.0,49.0,66.9,4.0,38.5677,-121.4685
26,Pittsburgh,Pennsylvania,Northeast,Large,2370930.0,1403,977.0,3.7,65730.0,93.1,95.15,26.7,46.0,62.4,54.9,3.3,40.4397,-79.9763
27,Austin,Texas,South,Large,2283371.0,1840,1483.0,2.7,71372.0,106.6,100.04,27.1,45.0,41.7,54.0,2.8,30.3005,-97.7522
28,Las Vegas,Nevada,West,Large,2265461.0,1781,1309.0,5.4,58276.0,100.7,95.54,24.7,63.0,42.0,46.5,4.8,36.2333,-115.2654
29,Cincinnati,Ohio,Midwest,Large,2256884.0,1395,899.0,3.1,63116.0,92.4,94.34,24.7,51.0,49.1,35.6,2.5,39.1413,-84.506
30,Kansas City,Missouri,Midwest,Large,2192035.0,1293,1082.0,2.4,61410.0,91.6,93.66,23.2,48.0,35.3,35.0,2.3,39.1238,-94.5541
31,Columbus,Ohio,Midwest,Large,2138926.0,1343,1010.0,3.1,59867.0,93.9,95.02,24.0,44.0,41.2,47.7,2.9,39.9862,-82.9855
32,Indianapolis,Indiana,Midwest,Large,2111040.0,1303,956.0,2.2,65805.0,90.2,95.03,24.7,48.0,31.0,42.8,2.4,39.7771,-86.1458
33,Cleveland,Ohio,Midwest,Large,2088251.0,1273,872.0,3.4,61948.0,90.0,94.2,24.6,47.0,57.1,52.3,4.7,41.4764,-81.6805
34,San Jose,California,West,Large,2000468.0,3016,2763.0,2.1,136338.0,173.5,111.64,29.0,44.0,50.5,61.5,6.4,37.3012,-121.848
35,Nashville,Tennessee,South,Large,1989519.0,1830,1353.0,2.3,70026.0,100.1,95.53,27.6,45.0,,,1.7,36.1715,-86.7842
36,Virginia Beach,Virginia,South,Large,1799674.0,1842,1215.0,3.0,56716.0,99.0,97.79,24.0,37.0,33.1,41.7,3.2,36.7335,-76.0435
37,Providence,Rhode Island,Northeast,Large,1676579.0,1962,1275.0,2.7,64566.0,111.5,101.2,26.0,42.0,,,3.5,41.823,-71.4187
38,Jacksonville,Florida,South,Large,1605848.0,1657,1195.0,2.1,59271.0,99.0,98.73,27.5,46.0,25.6,40.5,2.6,30.3322,-81.6749
39,Milwaukee,Wisconsin,Midwest,Large,1574731.0,1130,971.0,2.4,65803.0,93.8,95.61,22.7,44.0,61.5,57.6,4.6,43.0642,-87.9675
40,Oklahoma City,Oklahoma,South,Large,1425695.0,1215,873.0,2.4,57150.0,87.3,92.76,22.5,50.0,34.1,40.2,1.7,35.4676,-97.5136
41,Raleigh,North Carolina,South,Large,1413982.0,1640,1353.0,2.7,66428.0,99.7,97.58,25.9,43.0,31.3,39.3,2.3,35.8324,-78.6429
42,Memphis,Tennessee,South,Large,1337779.0,1292,962.0,3.7,56568.0,88.2,90.62,24.4,43.0,35.0,41.2,2.3,35.1087,-89.9663
43,Richmond,Virginia,South,Large,1314434.0,1454,1271.0,2.9,65834.0,99.2,97.92,25.6,39.0,50.9,50.8,2.4,37.5295,-77.4756
44,Louisville/Jefferson County,Kentucky,South,Large,1285439.0,1262,931.0,2.7,59425.0,91.6,91.81,23.9,44.0,34.3,43.3,2.9,38.1663,-85.6485
45,New Orleans,Louisiana,South,Large,1271845.0,1615,1075.0,3.5,61327.0,92.4,94.42,26.0,45.0,58.0,65.7,3.4,30.0687,-89.9288
46,Salt Lake City,Utah,West,Large,1257936.0,1740,1345.0,2.0,61551.0,105.9,96.23,22.5,51.0,,,6.6,40.7776,-111.9311
47,Hartford,Connecticut,Northeast,Large,1213531.0,1396,1287.0,,69951.0,104.8,101.71,24.5,42.0,,,3.9,41.7661,-72.6834
48,Buffalo,New York,Northeast,Large,1166902.0,1222,971.0,3.2,56808.0,97.3,95.11,21.7,40.0,66.6,62.8,3.9,42.9018,-78.8487
49,Birmingham,Alabama,South,Large,1115289.0,1211,1032.0,2.0,59107.0,90.7,90.86,25.8,51.0,33.2,30.7,0.1,33.5279,-86.7971
50,Rochester,New York,Northeast,Large,1090135.0,1303,1009.0,2.9,58500.0,96.6,97.69,21.6,39.0,60.7,59.9,2.5,43.168,-77.6162
51,Grand Rapids,Michigan,Midwest,Large,1087592.0,1694,1070.0,3.1,57667.0,93.7,96.69,21.2,42.0,,,2.6,42.9619,-85.6562
52,Tucson,Arizona,West,Large,1043433.0,1523,951.0,3.1,52942.0,97.7,92.92,24.4,48.0,43.2,66.3,3.7,32.1541,-110.8787
53,Urban Honolulu,Hawaii,West,Large,1016508.0,2428,1892.0,3.4,63912.0,,114.74,29.0,29.0,65.7,51.0,6.4,21.3294,-157.846
54,Tulsa,Oklahoma,South,Large,1015331.0,1166,830.0,2.7,59941.0,86.7,92.02,21.8,48.0,39.0,47.2,1.7,36.1283,-95.9042
55,Fresno,California,West,Large,1008654.0,1747,1060.0,6.2,51422.0,105.9,101.56,22.8,64.0,46.6,58.1,3.2,36.783,-119.7939
56,Worcester,Massachusetts,Northeast,Mid-Sized,978529.0,1813,1361.0,3.3,64540.0,113.2,100.0,28.8,42.0,,,2.1,42.2705,-71.8079
57,Omaha,Nebraska,Midwest,Mid-Sized,967604.0,1225,940.0,2.5,64229.0,92.9,93.64,20.5,44.0,48.2,41.7,2.7,41.2627,-96.0529
58,Bridgeport,Connecticut,Northeast,Mid-Sized,957419.0,1662,1434.0,,127391.0,,105.8,30.2,44.0,,,4.5,41.1918,-73.1954
59,Greenville,South Carolina,South,Mid-Sized,928195.0,1545,1007.0,2.6,50908.0,95.0,93.51,23.7,44.0,,,0.9,34.8354,-82.3646
60,Albuquerque,New Mexico,West,Mid-Sized,916528.0,1503,1012.0,3.1,52263.0,92.9,92.26,23.7,54.0,42.6,60.9,3.6,35.1054,-106.6465
61,Bakersfield,California,West,Mid-Sized,909235.0,1836,927.0,6.7,45961.0,102.9,100.94,22.6,57.0,37.3,43.7,3.1,35.3529,-119.0359
62,Albany,New York,Northeast,Mid-Sized,899262.0,1475,1166.0,2.5,67788.0,100.1,99.16,23.4,39.0,,,3.6,42.6664,-73.7987
63,Knoxville,Tennessee,South,Mid-Sized,879773.0,1691,1024.0,2.6,55752.0,91.6,90.37,23.7,45.0,,,1.1,35.9692,-83.9496
64,McAllen,Texas,South,Mid-Sized,870781.0,1393,742.0,6.8,34503.0,86.0,87.76,21.6,45.0,,,1.1,26.2252,-98.2467
65,Baton Rouge,Louisiana,South,Mid-Sized,870569.0,1299,939.0,3.0,56396.0,91.1,93.19,25.6,46.0,39.1,44.3,1.8,30.442,-91.1311
66,El Paso,Texas,South,Mid-Sized,868859.0,1467,884.0,4.0,44058.0,88.6,93.13,23.7,56.0,40.4,42.0,4.1,31.8476,-106.43
67,New Haven,Connecticut,Northeast,Mid-Sized,864835.0,1809,1439.0,,64643.0,107.7,101.25,24.8,42.0,,,4.6,41.3113,-72.9246
68,Allentown,Pennsylvania,Northeast,Mid-Sized,861889.0,1608,1188.0,3.3,62618.0,98.9,98.31,27.9,39.0,,,2.8,40.5961,-75.4756
69,Oxnard,California,West,Mid-Sized,843843.0,2837,2189.0,3.2,73375.0,,111.4,25.7,48.0,,,3.4,34.1964,-119.1815
70,North Port,Florida,South,Mid-Sized,833716.0,2174,1378.0,2.2,69376.0,,99.31,25.9,43.0,,,3.0,27.0576,-82.1977
71,Columbia,South Carolina,South,Mid-Sized,829470.0,1393,1077.0,2.8,53286.0,91.9,93.32,24.3,42.0,,,1.7,34.0378,-80.9036
72,Dayton,Ohio,Midwest,Mid-Sized,814049.0,1047,809.0,3.5,55572.0,88.4,92.54,21.8,44.0,,,3.1,39.7805,-84.2003
73,Charleston,South Carolina,South,Mid-Sized,799636.0,2166,1484.0,2.5,60754.0,101.7,99.15,25.9,40.0,,,1.5,32.8168,-79.9687
74,Stockton,California,West,Mid-Sized,779233.0,1915,1257.0,5.2,57783.0,113.6,104.61,33.3,43.0,43.7,52.4,3.0,37.9765,-121.3109
75,Greensboro,North Carolina,South,Mid-Sized,776566.0,1421,981.0,3.6,51872.0,91.0,92.82,22.1,43.0,29.4,32.2,1.8,36.0956,-79.8271
76,Cape Coral,Florida,South,Mid-Sized,760822.0,2356,1240.0,2.9,62885.0,,99.97,27.1,41.0,,,2.3,26.6443,-81.9957
77,Colorado Springs,Colorado,West,Mid-Sized,755105.0,1784,1270.0,3.0,58736.0,102.2,96.84,22.8,48.0,36.1,44.7,2.3,38.8674,-104.7605
78,Little Rock,Arkansas,South,Mid-Sized,748031.0,1108,859.0,2.8,53158.0,88.0,91.97,22.5,43.0,,,1.3,34.7256,-92.3577
79,Lakeland,Florida,South,Mid-Sized,725046.0,1674,1010.0,2.7,43556.0,96.4,96.17,25.7,41.0,,,1.6,28.0557,-81.9545
80,Des Moines,Iowa,Midwest,Mid-Sized,709466.0,1091,949.0,2.8,61833.0,91.7,93.32,20.0,39.0,45.0,39.4,2.6,41.5725,-93.6105
81,Akron,Ohio,Midwest,Mid-Sized,702219.0,977,867.0,3.9,58735.0,89.4,93.73,22.9,43.0,,,3.0,41.0798,-81.5219
82,Springfield,Massachusetts,Northeast,Mid-Sized,699162.0,1488,1059.0,3.7,61523.0,106.5,97.79,22.9,41.0,,,4.0,42.1155,-72.5395
83,Ogden,Utah,West,Mid-Sized,694863.0,1313,1107.0,2.0,52305.0,99.8,93.64,22.7,49.0,,,4.7,41.2279,-111.9682
84,Madison,Wisconsin,Midwest,Mid-Sized,680796.0,1445,1265.0,1.6,69116.0,99.5,96.73,21.4,39.0,49.7,65.5,3.0,43.0822,-89.393
85,Provo,Utah,West,Mid-Sized,671185.0,1376,1070.0,1.9,50616.0,100.9,95.84,21.2,47.0,,,3.6,40.2457,-111.6457
86,Deltona,Florida,South,Mid-Sized,668921.0,1863,1141.0,2.5,53559.0,,97.84,26.6,43.0,,,2.4,28.905,-81.2137
87,Syracuse,New York,Northeast,Mid-Sized,662057.0,1350,953.0,3.0,58137.0,95.1,96.49,21.3,37.0,,,2.5,43.0407,-76.1437
88,Durham,North Carolina,South,Mid-Sized,649903.0,1617,1224.0,2.6,63375.0,99.8,95.99,24.6,41.0,30.3,37.6,3.2,35.9792,-78.9022
89,Wichita,Kansas,Midwest,Mid-Sized,647610.0,956,747.0,2.9,56343.0,86.8,90.85,20.2,45.0,34.8,43.9,1.7,37.6895,-97.3443
90,Toledo,Ohio,Midwest,Mid-Sized,646604.0,1056,739.0,3.9,54423.0,87.5,90.52,21.1,42.0,46.4,45.6,2.2,41.6638,-83.5827
91,Augusta,Georgia,South,Mid-Sized,611000.0,1280,958.0,3.2,49432.0,91.6,91.96,24.0,42.0,,,0.7,33.3645,-82.0708
92,Palm Bay,Florida,South,Mid-Sized,606612.0,1874,1233.0,2.2,55477.0,,98.96,24.9,42.0,,,1.9,27.9631,-80.6593
93,Jackson,Mississippi,South,Mid-Sized,591978.0,1158,983.0,3.0,51982.0,87.8,88.98,25.1,43.0,,,0.8,32.3157,-90.2125
94,Harrisburg,Pennsylvania,Northeast,Mid-Sized,591712.0,1217,1049.0,2.8,60517.0,95.8,97.53,22.8,38.0,,,1.7,40.2752,-76.8843
95,Spokane,Washington,West,Mid-Sized,585784.0,1434,980.0,5.5,53278.0,100.4,98.71,22.6,40.0,49.2,52.1,3.8,47.6671,-117.433
96,Scranton,Pennsylvania,Northeast,Mid-Sized,567559.0,1204,868.0,4.3,53256.0,91.3,93.37,22.3,36.0,,,2.6,41.4044,-75.6649
97,Chattanooga,Tennessee,South,Mid-Sized,562647.0,1512,1001.0,2.9,53906.0,91.2,90.23,24.4,46.0,,,1.2,35.066,-85.2481
98,Lancaster,Pennsylvania,Northeast,Mid-Sized,552984.0,1327,1105.0,2.5,61547.0,99.5,97.13,24.0,48.0,,,2.4,40.042,-76.3012
99,Modesto,California,West,Mid-Sized,552878.0,1867,1144.0,5.3,52356.0,112.3,102.98,28.8,48.0,,,3.6,37.6375,-121.0028
100,Portland,Maine,Northeast,Mid-Sized,551740.0,2131,1563.0,,68555.0,113.0,101.74,25.4,38.0,,,1.7,43.6773,-70.2715
101,Fayetteville,Arkansas,South,Mid-Sized,546725.0,1537,824.0,2.0,70594.0,90.4,93.3,20.6,38.0,,,1.4,36.0714,-94.1661
102,Lansing,Michigan,Midwest,Mid-Sized,541297.0,1065,925.0,3.6,50326.0,88.7,94.08,21.1,41.0,,,2.9,42.7142,-84.5601
103,Youngstown,Ohio,Midwest,Mid-Sized,541243.0,879,675.0,4.5,48904.0,86.4,87.41,21.8,43.0,,,1.3,41.0993,-80.6463
104,Fayetteville,North Carolina,South,Mid-Sized,520378.0,1339,959.0,4.8,45542.0,89.5,91.68,22.6,41.0,21.4,29.7,1.8,35.085,-78.9772
105,Lexington,Kentucky,South,Mid-Sized,516811.0,1369,909.0,2.6,57519.0,91.1,92.0,21.5,42.0,,,2.5,38.0423,-84.4587
106,Pensacola,Florida,South,Mid-Sized,509905.0,1538,1077.0,2.3,52548.0,97.9,95.82,24.5,45.0,,,1.6,30.4413,-87.1911
107,Huntsville,Alabama,South,Mid-Sized,491723.0,1456,941.0,1.8,57815.0,91.3,91.51,,43.0,,,0.8,34.6981,-86.6412
108,Reno,Nevada,West,Mid-Sized,490596.0,1912,1365.0,3.4,71489.0,107.4,97.42,21.3,47.0,40.2,52.0,3.2,39.5497,-119.8483
109,Santa Rosa,California,West,Mid-Sized,488863.0,2440,1848.0,2.5,81006.0,141.7,109.81,25.1,32.0,,,3.4,38.4458,-122.7067
110,Myrtle Beach,South Carolina,South,Mid-Sized,487722.0,1837,1052.0,4.1,49234.0,94.7,94.79,21.8,39.0,,,0.5,33.7094,-78.8844
111,Lafayette,Louisiana,South,Mid-Sized,478384.0,1203,930.0,3.1,52241.0,89.6,90.73,24.6,41.0,,,1.0,30.2082,-92.0325
112,Springfield,Missouri,Midwest,Mid-Sized,475432.0,1225,717.0,1.9,48664.0,86.7,89.11,22.3,43.0,,,1.7,37.1943,-93.2916
113,Killeen,Texas,South,Mid-Sized,475367.0,1271,804.0,4.0,47755.0,88.6,93.56,20.2,44.0,,,1.6,31.0753,-97.7297
114,Visalia,California,West,Mid-Sized,473117.0,1748,907.0,8.2,47986.0,103.6,98.98,22.4,67.0,,,4.1,36.3276,-119.3269
115,Asheville,North Carolina,South,Mid-Sized,469015.0,1811,1361.0,2.5,54827.0,103.3,94.7,21.6,43.0,,,1.1,35.5707,-82.5537
116,York,Pennsylvania,Northeast,Mid-Sized,456438.0,1191,938.0,2.8,57870.0,95.8,96.85,27.2,40.0,,,1.5,39.9651,-76.7315
117,Vallejo,California,West,Mid-Sized,453491.0,2117,1776.0,3.8,65448.0,125.2,109.38,32.5,40.0,,,3.9,38.1125,-122.2342
118,Santa Maria,California,West,Mid-Sized,448229.0,2733,2490.0,3.1,73995.0,143.0,111.81,19.6,43.0,,,4.3,34.9333,-120.4431
119,Salinas,California,West,Mid-Sized,439035.0,2118,2324.0,6.9,63449.0,138.3,109.27,23.0,39.0,,,4.2,36.6883,-121.6317
120,Salem,Oregon,West,Mid-Sized,433353.0,1680,1040.0,4.5,52971.0,105.8,101.84,24.9,30.0,,,4.2,44.9233,-123.0244
121,Mobile,Alabama,South,Mid-Sized,430197.0,1093,846.0,3.0,46402.0,88.3,87.8,24.8,42.0,,,1.7,30.6782,-88.1162
122,Reading,Pennsylvania,Northeast,Mid-Sized,428849.0,1173,975.0,3.4,57970.0,96.0,96.32,25.4,38.0,,,2.4,40.34,-75.9267
123,Manchester,New Hampshire,Northeast,Mid-Sized,422937.0,1718,1354.0,,71849.0,109.6,102.16,26.9,41.0,,,1.7,42.9848,-71.4447
124,Corpus Christi,Texas,South,Mid-Sized,421933.0,1375,1104.0,4.5,52612.0,93.3,94.81,19.6,45.0,40.3,42.1,3.4,27.7254,-97.3767
125,Brownsville,Texas,South,Mid-Sized,421017.0,1330,745.0,5.7,37861.0,87.8,88.36,20.8,47.0,,,2.0,25.9975,-97.458
126,Fort Wayne,Indiana,Midwest,Mid-Sized,419601.0,1078,790.0,2.2,54623.0,86.8,92.14,21.8,41.0,31.7,41.0,1.8,41.0888,-85.1436
127,Salisbury,Maryland,Northeast,Mid-Sized,418046.0,1444,925.0,4.7,55698.0,103.2,93.96,24.2,37.0,,,1.3,38.3756,-75.5865
128,Gulfport,Mississippi,South,Mid-Sized,416259.0,1212,826.0,3.4,44488.0,86.8,89.21,23.0,42.0,,,1.0,30.4274,-89.0704
129,Flint,Michigan,Midwest,Mid-Sized,406211.0,781,783.0,5.4,49399.0,85.7,89.16,26.5,40.0,,,1.9,43.0236,-83.6921
130,Savannah,Georgia,South,Mid-Sized,404798.0,1744,1204.0,2.5,53570.0,97.3,95.42,24.3,39.0,,,2.5,32.0286,-81.1821
131,Peoria,Illinois,Midwest,Mid-Sized,402391.0,1107,755.0,4.2,55784.0,86.7,90.49,20.3,42.0,,,1.7,40.752,-89.6154
132,Canton,Ohio,Midwest,Mid-Sized,401574.0,979,685.0,3.9,52152.0,88.2,90.02,22.5,44.0,,,2.4,40.8078,-81.3676
133,Anchorage,Alaska,West,Mid-Sized,398328.0,1546,1096.0,3.5,67085.0,110.7,106.27,20.8,23.0,30.9,51.8,2.9,61.1508,-149.1091
134,Beaumont,Texas,South,Mid-Sized,397565.0,1331,898.0,6.3,49006.0,88.6,93.31,22.6,44.0,,,1.4,30.0849,-94.1451
135,Shreveport,Louisiana,South,Mid-Sized,393406.0,1076,939.0,3.4,55198.0,85.8,90.32,21.1,44.0,,,1.8,32.4653,-93.7955
136,Trenton,New Jersey,Northeast,Mid-Sized,387340.0,2042,1439.0,2.5,77911.0,104.3,101.89,28.7,42.0,,,4.6,40.2237,-74.7641
137,Montgomery,Alabama,South,Mid-Sized,386047.0,1153,882.0,2.5,49310.0,88.5,88.56,23.5,42.0,25.8,32.9,1.3,32.3482,-86.2668
138,Davenport,Iowa,Midwest,Mid-Sized,384324.0,882,778.0,3.7,56181.0,87.2,91.36,19.6,42.0,,,3.0,41.5565,-90.6053
139,Tallahassee,Florida,South,Mid-Sized,384298.0,1360,1086.0,2.2,52279.0,96.4,94.97,22.6,43.0,,,2.6,30.4551,-84.2527
140,Eugene,Oregon,West,Mid-Sized,382971.0,1907,1083.0,4.9,55146.0,108.4,100.61,20.6,43.0,,,4.2,44.0564,-123.1174
141,Ocala,Florida,South,Mid-Sized,375908.0,1602,983.0,2.8,45152.0,94.5,93.96,25.0,42.0,,,0.7,29.178,-82.1511
142,Naples,Florida,South,Mid-Sized,375752.0,3346,1577.0,2.2,117984.0,109.4,102.19,24.5,38.0,,,1.9,26.1504,-81.7936
143,Ann Arbor,Michigan,Midwest,Mid-Sized,372258.0,2693,1244.0,3.0,68688.0,99.3,99.75,24.2,40.0,,,4.8,42.2759,-83.731
144,Hickory,North Carolina,South,Mid-Sized,365276.0,1435,692.0,2.9,48529.0,89.8,89.25,22.6,42.0,,,0.4,35.741,-81.3223
145,Huntington,West Virginia,South,Mid-Sized,359862.0,916,755.0,3.8,47505.0,84.3,88.54,23.3,41.0,,,1.3,38.4109,-82.4345
146,Fort Collins,Colorado,West,Mid-Sized,359066.0,1794,1332.0,2.4,64258.0,109.2,97.98,22.9,51.0,,,3.0,40.5477,-105.0656
147,Lincoln,Nebraska,Midwest,Mid-Sized,340217.0,1177,828.0,2.1,56887.0,94.7,93.05,19.4,37.0,44.1,58.5,3.2,40.8099,-96.6784
148,Gainesville,Florida,South,Mid-Sized,339247.0,1630,1007.0,2.0,50623.0,97.3,95.91,23.2,40.0,,,4.0,29.6804,-82.3459
149,Rockford,Illinois,Midwest,Mid-Sized,338798.0,890,758.0,5.4,51140.0,87.2,93.42,23.2,39.0,,,2.1,42.2596,-89.064
150,Boulder,Colorado,West,Mid-Sized,330758.0,2492,1712.0,2.2,89593.0,118.7,101.32,22.1,48.0,,,5.1,40.0248,-105.2524
151,Greeley,Colorado,West,Mid-Sized,328981.0,1405,1162.0,3.0,56553.0,106.1,95.55,27.5,51.0,,,1.4,40.4152,-104.7706
152,Columbus,Georgia,South,Mid-Sized,328883.0,1150,884.0,3.3,47349.0,88.5,88.99,22.2,42.0,,,1.6,32.51,-84.8771
153,Green Bay,Wisconsin,Midwest,Mid-Sized,328268.0,911,804.0,2.1,58240.0,91.4,92.36,20.7,38.0,,,2.1,44.5148,-87.9895
154,Spartanburg,South Carolina,South,Mid-Sized,327997.0,1227,922.0,2.9,50596.0,91.0,92.67,23.5,43.0,,,0.6,34.9442,-81.9251
155,South Bend,Indiana,Midwest,Mid-Sized,324501.0,1259,995.0,3.1,56109.0,87.2,91.87,22.6,43.0,,,2.5,41.6767,-86.2696
156,Lubbock,Texas,South,Mid-Sized,321368.0,1306,889.0,2.9,51045.0,88.8,93.95,17.3,22.0,39.0,42.5,2.5,33.5657,-101.8879
157,Clarksville,Tennessee,South,Mid-Sized,320535.0,1385,807.0,3.6,47519.0,88.7,90.56,24.0,43.0,,,0.7,36.5692,-87.3413
158,Roanoke,Virginia,South,Mid-Sized,315251.0,1268,854.0,2.6,53939.0,94.1,93.79,25.9,37.0,,,2.0,37.2785,-79.9581
159,Evansville,Indiana,Midwest,Mid-Sized,314049.0,842,825.0,2.3,56650.0,87.2,90.29,21.8,44.0,,,1.9,37.9881,-87.5341
160,Kingsport,Tennessee,South,Mid-Sized,307614.0,1238,663.0,3.1,47287.0,86.0,85.88,23.0,40.0,,,0.7,36.5224,-82.5454
161,Kennewick,Washington,West,Mid-Sized,303622.0,1662,1012.0,6.2,52082.0,99.7,100.51,22.3,34.0,,,3.9,46.1978,-119.1732
162,Olympia,Washington,West,Mid-Sized,294793.0,1881,1329.0,4.7,61062.0,110.9,103.59,24.6,22.0,,,3.0,47.0417,-122.8959
163,Hagerstown,Maryland,Northeast,Mid-Sized,293844.0,1389,866.0,2.9,51102.0,99.7,95.25,30.7,40.0,,,1.0,39.6401,-77.7217
164,Utica,New York,Northeast,Mid-Sized,292264.0,1450,811.0,3.3,52919.0,94.1,92.77,20.3,18.0,,,2.0,43.0962,-75.2261
165,Duluth,Minnesota,Midwest,Mid-Sized,291638.0,1607,899.0,3.6,53734.0,93.2,88.83,20.2,37.0,,,2.1,46.7756,-92.1393
166,Crestview,Florida,South,Mid-Sized,286973.0,1829,1220.0,1.9,64660.0,104.7,96.9,24.1,39.0,,,0.9,30.7477,-86.5785
167,Longview,Texas,South,Mid-Sized,286184.0,1286,901.0,4.0,48868.0,88.5,92.74,,37.0,,,0.9,32.5193,-94.7622
168,San Luis Obispo,California,West,Mid-Sized,282424.0,2904,1688.0,2.4,66617.0,136.1,108.56,23.1,55.0,,,2.6,35.2669,-120.669
169,Merced,California,West,Mid-Sized,281202.0,1830,1093.0,7.4,46580.0,108.2,100.3,27.8,53.0,,,2.4,37.3057,-120.4779
170,Waco,Texas,South,Mid-Sized,277547.0,1538,840.0,3.2,49151.0,89.5,94.69,20.1,42.0,,,1.7,31.5599,-97.1882
171,Sioux Falls,South Dakota,Midwest,Mid-Sized,276730.0,1161,837.0,2.0,71570.0,92.8,93.04,18.2,37.0,,,2.0,43.5396,-96.7311
172,Cedar Rapids,Iowa,Midwest,Mid-Sized,276520.0,951,748.0,3.5,59063.0,88.1,91.84,19.7,42.0,,,2.0,41.9662,-91.6783
173,Bremerton,Washington,West,Mid-Sized,275611.0,1821,1479.0,4.3,67845.0,115.0,103.69,30.8,19.0,,,2.7,47.5436,-122.7121
174,Erie,Pennsylvania,Northeast,Mid-Sized,270876.0,1036,796.0,4.2,52747.0,91.8,92.19,19.9,31.0,,,2.9,42.1167,-80.0733
175,Santa Cruz,California,West,Mid-Sized,270861.0,3350,2602.0,4.5,85554.0,163.9,109.08,26.8,35.0,,,4.8,36.9789,-122.0346
176,Amarillo,Texas,South,Mid-Sized,268691.0,1359,847.0,2.6,56248.0,88.2,93.79,19.1,47.0,,,1.8,35.1984,-101.8316
177,Tuscaloosa,Alabama,South,Mid-Sized,268674.0,1421,871.0,2.2,43362.0,91.0,88.1,,37.0,,,0.8,33.2348,-87.5268
178,Norwich,Connecticut,Northeast,Mid-Sized,268555.0,1420,1251.0,3.2,63877.0,,100.03,24.8,37.0,,,1.8,41.5495,-72.0882
179,College Station,Texas,South,Mid-Sized,268248.0,1793,953.0,2.8,47803.0,92.3,95.12,18.1,31.0,,,1.4,30.5852,-96.2959
180,Laredo,Texas,South,Mid-Sized,267114.0,1283,841.0,3.7,40850.0,90.1,89.94,21.5,42.0,36.8,39.6,4.1,27.5625,-99.4874
181,Kalamazoo,Michigan,Midwest,Mid-Sized,261670.0,1320,913.0,3.9,58524.0,89.3,93.23,20.5,43.0,,,2.1,42.2749,-85.5882
182,Lynchburg,Virginia,South,Mid-Sized,261593.0,1260,873.0,2.9,47374.0,93.6,91.27,23.4,23.0,,,1.2,37.4003,-79.1909
183,Charleston,West Virginia,South,Mid-Sized,258859.0,819,814.0,3.3,51638.0,83.9,90.69,21.9,41.0,,,1.4,38.3484,-81.6322
184,Yakima,Washington,West,Mid-Sized,256728.0,1368,922.0,8.8,50872.0,97.5,97.72,18.7,29.0,,,2.3,46.5923,-120.5496
185,Fargo,North Dakota,Midwest,Small,249843.0,1209,794.0,1.9,62021.0,91.4,92.58,16.3,37.0,,,3.2,46.8651,-96.8292
186,Binghamton,New York,Northeast,Small,247138.0,1743,807.0,3.1,51295.0,93.3,94.62,19.2,,,,2.4,42.1014,-75.9093
187,Fort Smith,Arkansas,South,Small,244310.0,1112,648.0,2.7,45134.0,84.2,88.05,21.8,38.0,,,0.6,35.3495,-94.3695
188,Appleton,Wisconsin,Midwest,Small,243147.0,1135,797.0,1.9,58312.0,90.7,93.46,19.5,38.0,,,1.8,44.278,-88.3892
189,Macon,Georgia,South,Small,233802.0,1122,907.0,3.0,46875.0,87.2,87.4,23.5,38.0,,,1.5,32.8065,-83.6974
190,Tyler,Texas,South,Small,233479.0,1493,987.0,3.3,60284.0,92.8,94.77,23.4,42.0,,,1.1,32.3184,-95.3062
191,Topeka,Kansas,Midwest,Small,233152.0,982,734.0,2.7,53655.0,85.6,89.22,20.5,44.0,,,1.9,39.0346,-95.6955
192,Daphne,Alabama,South,Small,231767.0,1473,1021.0,2.1,54659.0,96.6,92.09,,40.0,,,0.3,30.6263,-87.8816
193,Bellingham,Washington,West,Small,226847.0,1775,1169.0,5.0,58137.0,111.6,104.72,22.5,32.0,,,3.5,48.7548,-122.469
194,Rochester,Minnesota,Midwest,Small,226329.0,1472,1069.0,2.5,63052.0,97.3,91.94,20.2,38.0,,,0.4,44.0154,-92.478
195,Burlington,Vermont,Northeast,Small,225562.0,1855,1326.0,,65083.0,112.8,102.64,22.5,42.0,,,2.6,44.4876,-73.2316
196,Lafayette,Indiana,Midwest,Small,223716.0,1056,975.0,2.0,46968.0,88.7,92.53,19.3,38.0,,,3.6,40.3991,-86.8593
197,Medford,Oregon,West,Small,223259.0,1822,1039.0,5.1,56842.0,107.5,102.12,18.0,34.0,,,2.6,42.3372,-122.854
198,Champaign,Illinois,Midwest,Small,222538.0,1010,927.0,3.2,55335.0,89.0,93.52,18.6,40.0,,,4.7,40.1142,-88.2737
199,Lake Charles,Louisiana,South,Small,222402.0,1083,833.0,3.0,51080.0,89.4,90.24,,44.0,,,0.9,30.201,-93.2111
200,Charlottesville,Virginia,South,Small,221524.0,1593,1265.0,2.4,77070.0,102.1,100.28,24.3,39.0,,,2.5,38.0375,-78.4855
201,Las Cruces,New Mexico,West,Small,219561.0,1358,821.0,3.7,45045.0,88.8,86.14,20.4,54.0,,,1.8,32.3265,-106.7893
202,Hilton Head Island,South Carolina,South,Small,215908.0,2883,,2.8,66256.0,109.4,99.08,24.6,,,,0.0,32.1896,-80.7499
203,Athens,Georgia,South,Small,215415.0,1878,946.0,2.4,48323.0,95.0,94.41,22.7,44.0,,,2.3,33.9508,-83.3689
204,Lake Havasu City,Arizona,West,Small,213267.0,1716,871.0,3.9,41331.0,98.4,89.59,21.8,18.0,,,0.4,34.5006,-114.3113
205,Chico,California,West,Small,211632.0,1620,1011.0,4.0,54694.0,110.5,102.52,20.5,43.0,,,2.9,39.7578,-121.8161
206,Columbia,Missouri,Midwest,Small,210864.0,1181,830.0,1.7,53583.0,89.8,89.52,17.3,40.0,,,2.5,38.9472,-92.3268
207,Springfield,Illinois,Midwest,Small,208640.0,944,786.0,3.6,57126.0,87.5,91.86,20.2,40.0,,,2.7,39.7709,-89.654
208,Johnson City,Tennessee,South,Small,207285.0,1174,788.0,3.0,48257.0,88.1,87.25,21.8,,,,1.1,36.3406,-82.3806
209,Houma,Louisiana,South,Small,207137.0,1208,819.0,3.2,49613.0,89.9,88.13,24.2,37.0,,,1.1,29.58,-90.7059
210,Monroe,Louisiana,South,Small,207104.0,1211,711.0,3.3,46859.0,86.5,86.41,20.0,38.0,,,1.3,32.5185,-92.0774
211,Jacksonville,North Carolina,South,Small,204576.0,1203,850.0,3.7,50869.0,91.7,89.7,20.1,,,,0.8,34.7289,-77.3941
212,Yuma,Arizona,West,Small,203881.0,1535,892.0,13.7,44299.0,94.5,89.54,20.0,46.0,,,2.0,32.5995,-114.5491
213,Gainesville,Georgia,South,Small,203136.0,1666,1128.0,2.1,53920.0,97.0,94.04,,36.0,,,0.8,34.2902,-83.8294
214,Florence,South Carolina,South,Small,199964.0,1304,747.0,3.0,50386.0,87.7,90.62,22.5,39.0,,,0.7,34.178,-79.7898
215,Bend,Oregon,West,Small,198253.0,2182,1274.0,4.8,67743.0,115.9,102.75,,13.0,,,2.0,44.0563,-121.3095
216,Racine,Wisconsin,Midwest,Small,197727.0,977,816.0,2.6,56884.0,90.9,92.18,24.7,40.0,,,2.9,42.7274,-87.8135
217,Warner Robins,Georgia,South,Small,191614.0,1319,998.0,2.8,48160.0,90.5,91.99,20.8,33.0,,,0.0,32.5961,-83.6527
218,Saginaw,Michigan,Midwest,Small,190124.0,847,753.0,5.5,49274.0,84.0,91.13,22.4,,,,1.8,43.4199,-83.9501
219,Punta Gorda,Florida,South,Small,186847.0,2898,1095.0,3.0,51677.0,100.3,96.3,24.2,,,,0.0,26.8941,-82.0513
220,Terre Haute,Indiana,Midwest,Small,185031.0,966,723.0,2.9,45537.0,84.7,87.39,22.6,41.0,,,1.0,39.466,-87.3751
221,Billings,Montana,West,Small,184167.0,1466,855.0,2.1,59698.0,95.7,92.5,18.3,21.0,,,2.4,45.7891,-108.5526
222,Redding,California,West,Small,182155.0,1445,1081.0,4.1,54972.0,108.7,99.4,,44.0,,,1.8,40.5698,-122.365
223,Dover,Delaware,Northeast,Small,181851.0,1507,1055.0,4.6,50432.0,101.3,95.9,27.0,37.0,,,2.0,39.161,-75.5202
224,Kingston,New York,Northeast,Small,181851.0,1662,1245.0,2.6,60557.0,106.1,100.09,28.8,,,,0.9,41.9295,-73.9968
225,Joplin,Missouri,Midwest,Small,181409.0,1058,688.0,2.1,44292.0,85.2,88.0,17.7,40.0,,,0.5,37.0757,-94.5018
226,Yuba City,California,West,Small,181208.0,1966,1078.0,6.3,51174.0,108.7,101.54,29.1,46.0,,,2.5,39.1357,-121.6383
227,Jackson,Tennessee,South,Small,180504.0,1424,757.0,2.9,48718.0,85.2,85.48,,30.0,,,1.4,35.6538,-88.8354
228,Bowling Green,Kentucky,South,Small,179639.0,1325,854.0,3.2,43282.0,87.0,88.44,22.2,42.0,,,0.9,36.9716,-86.4378
229,Abilene,Texas,South,Small,176579.0,992,808.0,3.2,55556.0,89.1,92.03,19.1,,,,1.6,32.4543,-99.7384
230,Muskegon,Michigan,Midwest,Small,175824.0,1013,811.0,5.0,46701.0,87.7,92.11,21.3,39.0,,,1.4,43.2281,-86.2562
231,Iowa City,Iowa,Midwest,Small,175419.0,1218,996.0,2.3,60316.0,93.5,92.82,19.3,31.0,,,3.0,41.6559,-91.5303
232,Midland,Texas,South,Small,175220.0,1349,1233.0,2.6,125455.0,97.8,97.86,18.1,,,,2.1,32.0243,-102.1147
233,Panama City,Florida,South,Small,175216.0,1687,1216.0,2.1,53980.0,101.9,96.82,22.5,42.0,,,1.5,30.1995,-85.6003
234,Auburn,Alabama,South,Small,174241.0,1462,821.0,2.0,45002.0,91.9,89.69,23.8,,,,0.0,32.6087,-85.4903
235,Hattiesburg,Mississippi,South,Small,172231.0,1293,849.0,3.0,44538.0,86.1,88.61,26.8,37.0,,,0.8,31.3074,-89.317
236,Eau Claire,Wisconsin,Midwest,Small,172007.0,1053,760.0,2.5,54814.0,91.8,91.92,19.4,37.0,,,1.7,44.8197,-91.4948
237,Oshkosh,Wisconsin,Midwest,Small,171730.0,917,799.0,1.9,55202.0,89.0,92.56,19.0,,,,2.7,44.0227,-88.5619
238,Burlington,North Carolina,South,Small,171415.0,1470,888.0,3.2,48118.0,91.8,89.56,23.7,,,,0.3,36.076,-79.4685
239,Coeur d'Alene,Idaho,West,Small,171362.0,1866,1075.0,3.2,54406.0,103.3,93.77,22.3,10.0,,,1.1,47.704,-116.7936
240,Bloomington,Illinois,Midwest,Small,170954.0,1225,852.0,3.1,58503.0,89.0,93.08,18.4,42.0,,,3.4,40.4757,-88.9703
241,Greenville,North Carolina,South,Small,170243.0,1450,872.0,3.5,53200.0,89.8,89.62,20.7,37.0,,,1.3,35.5943,-77.376
242,Waterloo,Iowa,Midwest,Small,168461.0,776,785.0,3.1,53584.0,87.6,88.89,,40.0,,,1.4,42.4918,-92.3522
243,East Stroudsburg,Pennsylvania,Northeast,Small,168327.0,1933,1073.0,4.8,53118.0,96.1,97.86,39.4,42.0,,,1.1,41.0023,-75.1779
244,Pueblo,Colorado,West,Small,168162.0,1332,911.0,4.3,46927.0,92.2,90.92,21.4,19.0,,,2.2,38.2701,-104.6114
245,Wausau,Wisconsin,Midwest,Small,166428.0,884,756.0,1.9,56947.0,88.9,89.97,20.0,35.0,,,1.6,44.962,-89.6459
246,Blacksburg,Virginia,South,Small,166378.0,1926,924.0,2.5,44904.0,94.5,92.19,20.5,40.0,,,2.0,37.23,-80.4279
247,Odessa,Texas,South,Small,165171.0,1359,960.0,3.8,53610.0,92.7,96.52,,31.0,,,1.9,31.8801,-102.3448
248,Janesville,Wisconsin,Midwest,Small,163687.0,967,816.0,2.6,52787.0,89.8,93.06,23.5,40.0,,,2.1,42.6854,-89.0135
249,Bloomington,Indiana,Midwest,Small,161039.0,1621,1025.0,2.0,51899.0,92.4,94.12,19.7,40.0,,,2.6,39.1637,-86.5257
250,Jackson,Michigan,Midwest,Small,160366.0,1099,878.0,4.2,47503.0,87.4,93.8,24.4,,,,1.0,42.2431,-84.4038
251,Sebastian,Florida,South,Small,159788.0,2375,1094.0,2.6,95109.0,,98.16,,34.0,,,0.0,27.7822,-80.4819
252,State College,Pennsylvania,Northeast,Small,158172.0,1723,1206.0,2.8,54994.0,99.8,95.76,19.7,39.0,,,3.5,40.7909,-77.8567
253,Idaho Falls,Idaho,West,Small,157429.0,1183,830.0,2.0,55084.0,91.7,90.62,19.5,43.0,,,1.3,43.4871,-112.0362
254,Decatur,Alabama,South,Small,156494.0,1131,679.0,1.8,46533.0,88.6,86.25,,43.0,,,0.0,34.5731,-86.9905
255,Madera,California,West,Small,156255.0,1717,1048.0,6.0,45757.0,108.9,100.09,25.4,48.0,,,1.2,36.963,-120.0778
256,Chambersburg,Pennsylvania,Northeast,Small,155932.0,1189,864.0,2.8,55139.0,95.7,95.18,,41.0,,,0.0,39.9315,-77.6556
257,Grand Junction,Colorado,West,Small,155703.0,1506,861.0,3.1,52121.0,98.1,92.47,18.1,45.0,,,2.3,39.0877,-108.5673
258,Elizabethtown,Kentucky,South,Small,155572.0,1250,699.0,3.6,50016.0,88.1,87.43,23.6,42.0,,,0.0,37.7031,-85.8773
259,Santa Fe,New Mexico,West,Small,154823.0,1897,1198.0,2.8,69528.0,105.1,93.39,22.1,45.0,,,3.3,35.6619,-105.9819
260,Hanford,California,West,Small,152486.0,1735,1102.0,6.8,43176.0,105.4,98.58,,67.0,,,3.0,36.3274,-119.6549
261,Bangor,Maine,Northeast,Small,152199.0,1207,954.0,,50480.0,98.0,96.69,22.2,33.0,,,1.2,44.8323,-68.7906
262,Dothan,Alabama,South,Small,151007.0,1450,666.0,2.2,49343.0,86.3,86.2,,,,,0.0,31.2336,-85.407
263,Florence,Alabama,South,Small,150791.0,967,656.0,2.4,44605.0,86.8,85.51,,,,,0.0,34.8303,-87.6655
264,Jefferson City,Missouri,Midwest,Small,150309.0,850,654.0,1.9,51286.0,86.3,88.2,20.9,41.0,,,0.9,38.5676,-92.1759
265,Sioux City,Iowa,Midwest,Small,149940.0,1237,748.0,2.9,59993.0,87.1,90.0,18.2,28.0,,,2.0,42.4959,-96.3901
266,Albany,Georgia,South,Small,148922.0,859,800.0,3.5,45619.0,87.3,89.38,,36.0,,,1.4,31.5776,-84.1762
267,Wichita Falls,Texas,South,Small,148128.0,1102,814.0,3.3,50905.0,85.7,91.13,16.4,,,,1.7,33.9072,-98.5291
268,Valdosta,Georgia,South,Small,148126.0,1384,725.0,2.8,42585.0,89.2,88.28,19.7,35.0,,,0.0,30.8502,-83.2788
269,Texarkana,Texas,South,Small,147519.0,1154,,3.6,45058.0,86.3,88.39,,42.0,,,1.1,33.45,-94.0847
270,Logan,Utah,West,Small,147348.0,1285,804.0,1.8,46903.0,95.2,92.02,17.1,44.0,,,2.2,41.7399,-111.8422
271,Flagstaff,Arizona,West,Small,145101.0,2317,1447.0,3.8,56914.0,108.5,95.55,16.6,47.0,,,2.1,35.1872,-111.6194
272,Rocky Mount,North Carolina,South,Small,143870.0,1301,777.0,5.2,48812.0,88.3,87.83,22.7,38.0,,,1.0,35.9685,-77.804
273,Lebanon,Pennsylvania,Northeast,Small,143257.0,1105,887.0,2.6,55803.0,95.4,96.06,23.5,38.0,,,1.5,40.3412,-76.4228
274,Winchester,Virginia,South,Small,142632.0,1587,1041.0,2.3,56544.0,97.2,97.26,,38.0,,,0.1,39.1735,-78.1746
275,Morgantown,West Virginia,South,Small,140038.0,1300,834.0,2.8,50016.0,88.5,95.55,22.8,38.0,,,2.8,39.6383,-79.9464
276,La Crosse,Wisconsin,Midwest,Small,139627.0,1100,843.0,2.0,58414.0,91.8,94.91,19.0,37.0,,,2.3,43.8241,-91.2268
277,Wheeling,West Virginia,South,Small,139513.0,822,694.0,4.2,50716.0,84.1,89.27,22.8,38.0,,,1.1,40.0752,-80.6951
278,Rapid City,South Dakota,Midwest,Small,139074.0,1391,798.0,2.2,61259.0,94.2,91.87,,44.0,,,1.2,44.0716,-103.2204
279,Napa,California,West,Small,138019.0,2833,1959.0,3.0,90608.0,149.6,112.07,23.7,,,,3.3,38.2975,-122.301
280,Sumter,South Carolina,South,Small,136700.0,1144,882.0,4.0,46550.0,88.1,86.59,22.4,,,,0.9,33.9392,-80.393
281,Springfield,Ohio,Midwest,Small,136001.0,786,726.0,3.7,47929.0,87.5,87.15,21.4,42.0,,,0.9,39.93,-83.7959
282,Harrisonburg,Virginia,South,Small,135571.0,1517,830.0,2.4,47217.0,95.5,94.07,19.8,36.0,,,2.1,38.4362,-78.8735
283,Sherman,Texas,South,Small,135543.0,1536,951.0,3.2,52055.0,91.3,93.16,,,,,0.7,33.6273,-96.6221
284,Battle Creek,Michigan,Midwest,Small,134310.0,1038,845.0,4.5,47789.0,85.9,90.59,,,,,1.6,42.2985,-85.2296
285,Jonesboro,Arkansas,South,Small,134196.0,1285,704.0,2.4,44554.0,85.2,87.3,,,,,1.1,35.8212,-90.6791
286,Manhattan,Kansas,Midwest,Small,134046.0,1220,829.0,2.6,51163.0,89.6,90.59,15.7,,,,0.0,39.1886,-96.6048
287,Bismarck,North Dakota,Midwest,Small,133626.0,1236,865.0,2.2,64134.0,93.1,94.24,19.3,39.0,,,2.2,46.8143,-100.7694
288,Johnstown,Pennsylvania,Northeast,Small,133472.0,801,684.0,4.4,49472.0,87.6,86.6,24.7,40.0,,,2.0,40.326,-78.9194
289,Carbondale,Illinois,Midwest,Small,133435.0,686,,3.7,48769.0,83.5,86.79,19.9,,,,0.9,37.7221,-89.2237
290,Hammond,Louisiana,South,Small,133157.0,1134,821.0,4.2,47076.0,89.0,88.47,,31.0,,,0.1,30.5061,-90.4563
291,The Villages,Florida,South,Small,129752.0,2190,896.0,3.4,64282.0,100.7,96.07,,,,,0.0,28.9034,-81.9887
292,Mount Vernon,Washington,West,Small,129523.0,1812,1189.0,5.5,64093.0,110.1,100.39,26.3,31.0,,,2.8,48.4203,-122.3115
293,Pittsfield,Massachusetts,Northeast,Small,129026.0,1200,1161.0,,65050.0,106.4,95.94,21.0,40.0,,,1.6,42.4517,-73.2605
294,Albany,Oregon,West,Small,128610.0,1653,1062.0,5.0,52695.0,105.4,101.8,,20.0,,,1.4,44.6272,-123.0965
295,Lawton,Oklahoma,South,Small,126652.0,927,677.0,3.2,47807.0,82.8,87.48,16.0,45.0,,,0.0,34.6175,-98.4202
296,Cleveland,Tennessee,South,Small,126164.0,1328,754.0,3.1,45404.0,89.5,88.02,,,,,0.0,35.1817,-84.8707
297,Sierra Vista,Arizona,West,Small,125447.0,1464,825.0,3.6,49096.0,93.2,88.13,,45.0,,,0.7,31.563,-110.3153
298,Staunton,Virginia,South,Small,125433.0,1077,880.0,2.3,51965.0,94.5,92.9,,,,,0.1,38.1593,-79.0611
299,Ames,Iowa,Midwest,Small,125252.0,1111,914.0,1.9,49320.0,91.5,91.26,17.6,,,,4.2,42.0256,-93.6217
300,Mansfield,Ohio,Midwest,Small,124936.0,1635,662.0,4.4,46366.0,86.2,88.59,,,,,1.1,40.7656,-82.5275
301,San Angelo,Texas,South,Small,122888.0,1301,903.0,3.0,60187.0,90.7,92.06,,,,,1.5,31.4424,-100.4504
302,New Bern,North Carolina,South,Small,122168.0,1493,,3.2,53762.0,90.2,91.24,24.6,,,,0.4,35.0955,-77.0723
303,Wenatchee,Washington,West,Small,122012.0,1643,1096.0,6.1,58009.0,106.6,103.11,18.2,18.0,,,3.2,47.436,-120.3295
304,Farmington,New Mexico,West,Small,121661.0,1475,806.0,4.1,41735.0,88.4,89.46,25.5,50.0,,,1.0,36.7555,-108.1823
305,Lawrence,Kansas,Midwest,Small,118785.0,1454,900.0,2.6,51703.0,91.6,92.69,20.6,,,,4.3,38.9597,-95.2642
306,Sheboygan,Wisconsin,Midwest,Small,118034.0,887,769.0,1.8,58425.0,89.7,93.3,18.5,41.0,,,2.3,43.7403,-87.7316
307,Missoula,Montana,West,Small,117922.0,1627,968.0,2.4,61881.0,103.4,94.72,18.7,43.0,,,3.5,46.8751,-114.0214
308,Weirton,West Virginia,South,Small,116903.0,735,666.0,4.8,48558.0,82.6,89.2,24.0,44.0,,,0.1,40.406,-80.5671
309,Watertown,New York,Northeast,Small,116721.0,1313,1013.0,3.9,53130.0,96.4,93.96,,34.0,,,0.0,43.9734,-75.9094
310,California,Maryland,Northeast,Small,113777.0,1904,1405.0,2.9,65762.0,104.8,96.45,34.5,,,,1.6,38.2969,-76.4949
311,Brunswick,Georgia,South,Small,113495.0,1531,875.0,2.6,51400.0,94.4,90.14,,37.0,,,0.0,31.1449,-81.4746
312,Michigan City,Indiana,Midwest,Small,112417.0,1028,790.0,3.3,49508.0,87.8,90.94,,38.0,,,0.7,41.7092,-86.869
313,Muncie,Indiana,Midwest,Small,111903.0,993,740.0,2.4,45325.0,83.7,89.13,20.1,39.0,,,3.0,40.1989,-85.395
314,Lewiston,Maine,Northeast,Small,111139.0,990,869.0,,49766.0,99.7,93.99,,31.0,,,1.2,44.0915,-70.1681
315,Longview,Washington,West,Small,110730.0,1775,943.0,5.8,54550.0,101.6,98.79,,13.0,,,2.0,46.1461,-122.963
316,Kankakee,Illinois,Midwest,Small,107502.0,1150,867.0,5.1,53165.0,91.0,92.21,24.5,,,,2.5,41.102,-87.8643
317,Ithaca,New York,Northeast,Small,105740.0,1916,1406.0,2.4,51377.0,101.7,102.35,17.0,39.0,,,3.3,42.4442,-76.5032
318,Grand Forks,North Dakota,Midwest,Small,104362.0,913,750.0,2.3,58295.0,90.7,90.09,16.4,,,,2.5,47.9214,-97.0884
319,Fond du Lac,Wisconsin,Midwest,Small,104154.0,994,772.0,1.8,56378.0,88.0,92.22,,37.0,,,1.4,43.7718,-88.4397
320,Sebring,Florida,South,Small,101235.0,1313,830.0,3.6,41568.0,93.1,90.02,,39.0,,,0.1,27.477,-81.453
321,Cheyenne,Wyoming,West,Small,100512.0,1310,797.0,3.3,58646.0,96.9,92.85,,43.0,,,2.0,41.135,-104.7902
322,Hot Springs,Arkansas,South,Small,100180.0,1034,711.0,3.5,46897.0,87.3,89.21,,33.0,,,0.9,34.4892,-93.0501
323,Dubuque,Iowa,Midwest,Small,99266.0,947,751.0,3.2,56782.0,89.6,87.93,16.0,,,,3.1,42.5002,-90.707
324,Victoria,Texas,South,Small,98331.0,1167,1002.0,3.8,58294.0,89.5,92.09,,34.0,,,2.1,28.8287,-96.9849
325,Cape Girardeau,Missouri,Midwest,Small,97517.0,979,730.0,2.2,48447.0,88.1,88.56,,,,,0.0,37.3109,-89.5597
326,Fairbanks,Alaska,West,Small,95655.0,1605,1204.0,3.6,65314.0,107.9,103.94,17.5,39.0,,,2.0,64.8353,-147.6533
327,Corvallis,Oregon,West,Small,95184.0,1885,1239.0,3.6,54174.0,110.6,101.8,19.0,16.0,,,3.0,44.5698,-123.2779
328,Cumberland,Maryland,Northeast,Small,95044.0,872,699.0,4.0,47576.0,90.9,91.24,24.4,,,,1.4,39.6515,-78.7584
329,Pocatello,Idaho,West,Small,94896.0,982,715.0,2.2,45244.0,90.8,88.83,17.1,40.0,,,2.7,42.8724,-112.4647
330,Parkersburg,West Virginia,South,Small,89490.0,1045,730.0,3.7,51674.0,84.7,89.47,,39.0,,,2.1,39.2623,-81.542
331,Grants Pass,Oregon,West,Small,88090.0,1799,951.0,6.5,54466.0,106.6,98.64,,20.0,,,1.4,42.4333,-123.3317
332,Great Falls,Montana,West,Small,84414.0,1119,743.0,2.4,53765.0,91.1,87.18,,15.0,,,0.0,47.5022,-111.2996
333,Kokomo,Indiana,Midwest,Small,83658.0,814,748.0,4.3,47031.0,84.9,90.81,,40.0,,,0.0,40.464,-86.1277
334,Midland,Michigan,Midwest,Small,83494.0,1465,790.0,4.1,62055.0,87.0,91.66,,,,,0.3,43.6241,-84.2319
335,Bloomsburg,Pennsylvania,Northeast,Small,82863.0,1116,,3.6,53309.0,93.2,89.78,21.0,,,,0.0,41.0027,-76.4561
336,Columbus,Indiana,Midwest,Small,82208.0,1144,991.0,1.9,61136.0,89.1,91.99,,41.0,,,0.0,39.2093,-85.9183
337,Hinesville,Georgia,South,Small,81424.0,1523,1025.0,2.8,41012.0,90.8,93.58,,,,,0.0,31.8248,-81.6137
338,Casper,Wyoming,West,Small,79955.0,1122,787.0,3.9,70175.0,94.2,91.34,,43.0,,,1.8,42.842,-106.3208
339,Grand Island,Nebraska,Midwest,Small,77038.0,860,,2.4,52472.0,88.8,88.9,,21.0,,,0.0,40.9218,-98.3586
340,Danville,Illinois,Midwest,Small,74188.0,657,705.0,4.8,49265.0,83.9,88.35,,,,,1.2,40.1426,-87.6111
341,Enid,Oklahoma,South,Small,62846.0,994,723.0,2.5,48861.0,82.9,,,,,,0.0,36.4063,-97.87
342,Walla Walla,Washington,West,Small,62584.0,1734,1018.0,4.9,53845.0,100.9,99.17,17.9,37.0,,,2.8,46.0671,-118.3368
343,Carson City,Nevada,West,Small,58639.0,1683,1043.0,3.9,60445.0,103.0,94.16,,42.0,,,2.7,39.1511,-119.7476
